Workbook

Sheet Dashboard_Summary
A1: SALES PERFORMANCE DASHBOARD — SUMMARY
A2: Period: Jan 2025 - Jul 2025 | Source: Data sheet (100 orders)
A4: Total Sales | C4: Total Profit | E4: Profit Margin
A5: =SUM(Data!F:F) -> 1666400 | C5: =SUM(Data!G:G) -> 261480 | E5: =SUM(Data!G:G)/SUM(Data!F:F) -> 0.15691311
A7: Total Orders | C7: Best Region | E7: Top Product
A8: =COUNTA(Data!A:A)-1 -> 100 | C8: =INDEX(Pivot_Region!A4:A7,MATCH(MAX(Pivot_Region!B4:B7),Pivot_Region!B4:B7,0)) -> North | E8: =INDEX(Pivot_Product!A4:A15,MATCH(MAX(Pivot_Product!C4:C15),Pivot_Product!C4:C15,0)) -> Laptop
A11: Top 5 Products by Sales
A12: Product | B12: Sales
A13: Laptop | B13: =SUMIF(Data!D:D,A13,Data!F:F) -> 569000
A14: Smartphone | B14: =SUMIF(Data!D:D,A14,Data!F:F) -> 273000
A15: Monitor | B15: =SUMIF(Data!D:D,A15,Data!F:F) -> 154000
A16: Printer | B16: =SUMIF(Data!D:D,A16,Data!F:F) -> 153000
A17: Desk | B17: =SUMIF(Data!D:D,A17,Data!F:F) -> 126000

Sheet Data
A1: Order_ID | B1: ORDER DATE | C1: REGION | D1: PRODUCT | E1: CATEGORY | F1: SALES AMOUNT | G1: PROFIT | H1: QUANTITY | I1: PROFIT MARGIN | J1: MONTH
A2: ORD001 | B2: 45660 | C2: North | D2: Laptop | E2: Electronics | F2: 55000 | G2: 8000 | H2: 2 | I2: 0.14545455 | J2: Jan
A3: ORD002 | B3: 45662 | C3: South | D3: Smartphone | E3: Electronics | F3: 30000 | G3: 4500 | H3: 3 | I3: 0.15 | J3: Jan
A4: ORD003 | B4: 45663 | C4: East | D4: Chair | E4: Furniture | F4: 8000 | G4: 1200 | H4: 4 | I4: 0.15 | J4: Jan
A5: ORD004 | B5: 45665 | C5: West | D5: Table | E5: Furniture | F5: 12000 | G5: 1800 | H5: 2 | I5: 0.15 | J5: Jan
A6: ORD005 | B6: 45667 | C6: North | D6: Printer | E6: Electronics | F6: 15000 | G6: 2500 | H6: 2 | I6: 0.16666667 | J6: Jan
A7: ORD006 | B7: 45669 | C7: South | D7: Notebook | E7: Stationery | F7: 2000 | G7: 400 | H7: 10 | I7: 0.2 | J7: Jan
A8: ORD007 | B8: 45670 | C8: East | D8: Pen Set | E8: Stationery | F8: 1200 | G8: 250 | H8: 15 | I8: 0.20833333 | J8: Jan
A9: ORD008 | B9: 45672 | C9: West | D9: Monitor | E9: Electronics | F9: 18000 | G9: 2800 | H9: 2 | I9: 0.15555556 | J9: Jan
A10: ORD009 | B10: 45674 | C10: North | D10: Desk | E10: Furniture | F10: 14000 | G10: 2100 | H10: 1 | I10: 0.15 | J10: Jan
A11: ORD010 | B11: 45675 | C11: South | D11: Mouse | E11: Electronics | F11: 3000 | G11: 500 | H11: 5 | I11: 0.16666667 | J11: Jan
A12: ORD011 | B12: 45677 | C12: East | D12: Keyboard | E12: Electronics | F12: 4500 | G12: 700 | H12: 4 | I12: 0.15555556 | J12: Jan
A13: ORD012 | B13: 45679 | C13: West | D13: Bookshelf | E13: Furniture | F13: 10000 | G13: 1600 | H13: 2 | I13: 0.16 | J13: Jan
... A101: ORD100 | B101: 45857 | C101: West | D101: Notebook | E101: Stationery | F101: 3000 | G101: 620 | H101: 20 | I101: 0.20666667 | J101: Jul

Sheet Pivot_Region
A1: Region-wise Sales & Profit
A3: Region | B3: Sum of Sales Amount | C3: Sum of Profit | D3: Profit Margin %
A4: North | B4: =SUMIF(Data!C:C,A4,Data!F:F) -> 853600 | C4: =SUMIF(Data!C:C,A4,Data!G:G) -> 130020 | D4: =C4/B4 -> 0.15231959
A5: East | B5: =SUMIF(Data!C:C,A5,Data!F:F) -> 325500 | C5: =SUMIF(Data!C:C,A5,Data!G:G) -> 52750 | D5: =C5/B5 -> 0.16205837
A6: West | B6: =SUMIF(Data!C:C,A6,Data!F:F) -> 257100 | C6: =SUMIF(Data!C:C,A6,Data!G:G) -> 42070 | D6: =C6/B6 -> 0.16363283
A7: South | B7: =SUMIF(Data!C:C,A7,Data!F:F) -> 230200 | C7: =SUMIF(Data!C:C,A7,Data!G:G) -> 36640 | D7: =C7/B7 -> 0.15916594
A8: Grand Total | B8: =SUM(B4:B7) -> 1666400 | C8: =SUM(C4:C7) -> 261480 | D8: =C8/B8 -> 0.15691311

Sheet Pivot_Product
A1: Product-wise Sales (Ranked)
A3: Product | B3: Category | C3: Sum of Sales Amount | D3: Sum of Profit
A4: Laptop | B4: Electronics | C4: =SUMIF(Data!D:D,A4,Data!F:F) -> 569000 | D4: =SUMIF(Data!D:D,A4,Data!G:G) -> 86500
A5: Smartphone | B5: Electronics | C5: =SUMIF(Data!D:D,A5,Data!F:F) -> 273000 | D5: =SUMIF(Data!D:D,A5,Data!G:G) -> 40900
A6: Monitor | B6: Electronics | C6: =SUMIF(Data!D:D,A6,Data!F:F) -> 154000 | D6: =SUMIF(Data!D:D,A6,Data!G:G) -> 24400
A7: Printer | B7: Electronics | C7: =SUMIF(Data!D:D,A7,Data!F:F) -> 153000 | D7: =SUMIF(Data!D:D,A7,Data!G:G) -> 25200
A8: Desk | B8: Furniture | C8: =SUMIF(Data!D:D,A8,Data!F:F) -> 126000 | D8: =SUMIF(Data!D:D,A8,Data!G:G) -> 19600
A9: Table | B9: Furniture | C9: =SUMIF(Data!D:D,A9,Data!F:F) -> 110000 | D9: =SUMIF(Data!D:D,A9,Data!G:G) -> 17200
A10: Bookshelf | B10: Furniture | C10: =SUMIF(Data!D:D,A10,Data!F:F) -> 94000 | D10: =SUMIF(Data!D:D,A10,Data!G:G) -> 15600
A11: Chair | B11: Furniture | C11: =SUMIF(Data!D:D,A11,Data!F:F) -> 78500 | D11: =SUMIF(Data!D:D,A11,Data!G:G) -> 12450
A12: Keyboard | B12: Electronics | C12: =SUMIF(Data!D:D,A12,Data!F:F) -> 42300 | D12: =SUMIF(Data!D:D,A12,Data!G:G) -> 7000
A13: Mouse | B13: Electronics | C13: =SUMIF(Data!D:D,A13,Data!F:F) -> 29700 | D13: =SUMIF(Data!D:D,A13,Data!G:G) -> 5090
A14: Notebook | B14: Stationery | C14: =SUMIF(Data!D:D,A14,Data!F:F) -> 23100 | D14: =SUMIF(Data!D:D,A14,Data!G:G) -> 4770
A15: Pen Set | B15: Stationery | C15: =SUMIF(Data!D:D,A15,Data!F:F) -> 13800 | D15: =SUMIF(Data!D:D,A15,Data!G:G) -> 2770
A16: Grand Total | C16: =SUM(C4:C15) -> 1666400 | D16: =SUM(D4:D15) -> 261480

Sheet Pivot_Monthly
A1: Monthly Sales Trend
A3: Month | B3: Sum of Sales Amount | C3: Sum of Profit
A4: Jan | B4: =SUMIF(Data!J:J,A4,Data!F:F) -> 253200 | C4: =SUMIF(Data!J:J,A4,Data!G:G) -> 38550
A5: Feb | B5: =SUMIF(Data!J:J,A5,Data!F:F) -> 228800 | C5: =SUMIF(Data!J:J,A5,Data!G:G) -> 35150
A6: Mar | B6: =SUMIF(Data!J:J,A6,Data!F:F) -> 227800 | C6: =SUMIF(Data!J:J,A6,Data!G:G) -> 35630
A7: Apr | B7: =SUMIF(Data!J:J,A7,Data!F:F) -> 220200 | C7: =SUMIF(Data!J:J,A7,Data!G:G) -> 34820
A8: May | B8: =SUMIF(Data!J:J,A8,Data!F:F) -> 299400 | C8: =SUMIF(Data!J:J,A8,Data!G:G) -> 47340
A9: Jun | B9: =SUMIF(Data!J:J,A9,Data!F:F) -> 270700 | C9: =SUMIF(Data!J:J,A9,Data!G:G) -> 43050
A10: Jul | B10: =SUMIF(Data!J:J,A10,Data!F:F) -> 166300 | C10: =SUMIF(Data!J:J,A10,Data!G:G) -> 26940
A11: Grand Total | B11: =SUM(B4:B10) -> 1666400 | C11: =SUM(C4:C10) -> 261480

Sheet Pivot_Category
A1: Category-wise Sales
A3: Category | B3: Sum of Sales Amount | C3: Sum of Profit
A4: Electronics | B4: =SUMIF(Data!E:E,A4,Data!F:F) -> 1221000 | C4: =SUMIF(Data!E:E,A4,Data!G:G) -> 189090
A5: Furniture | B5: =SUMIF(Data!E:E,A5,Data!F:F) -> 408500 | C5: =SUMIF(Data!E:E,A5,Data!G:G) -> 64850
A6: Stationery | B6: =SUMIF(Data!E:E,A6,Data!F:F) -> 36900 | C6: =SUMIF(Data!E:E,A6,Data!G:G) -> 7540
A7: Grand Total | B7: =SUM(B4:B6) -> 1666400 | C7: =SUM(C4:C6) -> 261480
